<?xml version="1.0" encoding="utf-8"?>
<FormaCobro>
	<FCobro>			
		<Codigo>01</Codigo>
		<Abrev>EFECTIVO</Abrev>		
		<Descripcion>Efectivo Pesos</Descripcion>		
		<CodEmpresa>104</CodEmpresa>
		<RepiteEcheq>N</RepiteEcheq>
		<GloboSICE>S</GloboSICE>
	</FCobro>	
	<FCobro>	
		<Codigo>02</Codigo>
		<Abrev>CH24SRIO</Abrev>		
		<Descripcion>Cheque 24/Santander</Descripcion>		
		<CodEmpresa>041</CodEmpresa>
		<RepiteEcheq>N</RepiteEcheq>
		<GloboSICE>S</GloboSICE>
	</FCobro>	
	<FCobro>	
		<Codigo>03</Codigo>
		<Abrev>CH48SRIO</Abrev>		
		<Descripcion>Cheque 48/Santander</Descripcion>		
		<CodEmpresa>041</CodEmpresa>
		<RepiteEcheq>N</RepiteEcheq>
		<GloboSICE>S</GloboSICE>
	</FCobro>	
	<FCobro>	
		<Codigo>04</Codigo>
		<Abrev>CH72SRIO </Abrev>		
		<Descripcion>Cheque 72/Santander</Descripcion>		
		<CodEmpresa>041</CodEmpresa>
		<RepiteEcheq>N</RepiteEcheq>
		<GloboSICE>S</GloboSICE>
	</FCobro>	
	<FCobro>	
		<Codigo>05</Codigo>
		<Abrev>CH48CC</Abrev>		
		<Descripcion>Cheque 48 CC</Descripcion>		
		<CodEmpresa>003</CodEmpresa>
		<RepiteEcheq>N</RepiteEcheq>
		<GloboSICE>S</GloboSICE>
	</FCobro>	
	<FCobro>	
		<Codigo>06</Codigo>
		<Abrev>CH72IC</Abrev>		
		<Descripcion>CH72IC</Descripcion>		
		<CodEmpresa>037</CodEmpresa>
		<RepiteEcheq>N</RepiteEcheq>
		<GloboSICE>S</GloboSICE>
	</FCobro>	
	<FCobro>	
		<Codigo>07</Codigo>
		<Abrev>VC</Abrev>	
		<Descripcion>Valores al Cobro</Descripcion>		
		<CodEmpresa>400</CodEmpresa>
		<RepiteEcheq>N</RepiteEcheq>
		<GloboSICE>S</GloboSICE>
	</FCobro>
	<FCobro>	
		<Codigo>10</Codigo>
		<Abrev>CPD</Abrev>	
		<Descripcion>Cheque Pago Diferido</Descripcion>		
		<CodEmpresa>10</CodEmpresa>		
		<RepiteEcheq>N</RepiteEcheq>
		<GloboSICE>S</GloboSICE>
	</FCobro>	
	<FCobro>	
		<Codigo>11</Codigo>
		<Abrev>DBCTA</Abrev>	
		<Descripcion>Débito en cuenta</Descripcion>		
		<CodEmpresa>109</CodEmpresa>		
		<RepiteEcheq>N</RepiteEcheq>
		<GloboSICE>S</GloboSICE>
	</FCobro>
	<FCobro>	
		<Codigo>13</Codigo>
		<Abrev>CH24CL</Abrev>	
		<Descripcion>Cheque 48 Cámara local</Descripcion>		
		<CodEmpresa>041</CodEmpresa>		
		<RepiteEcheq>N</RepiteEcheq>
		<GloboSICE>S</GloboSICE>
	</FCobro>
	<FCobro>	
		<Codigo>14</Codigo>
		<Abrev>SNP$</Abrev>	
		<Descripcion>Débito en cuenta SNP$</Descripcion>		
		<CodEmpresa>14</CodEmpresa>		
		<RepiteEcheq>N</RepiteEcheq>
		<GloboSICE>S</GloboSICE>
	</FCobro>
	<FCobro>	
		<Codigo>16</Codigo>
		<Abrev>EFERAPI</Abrev>	
		<Descripcion>Efectivo Rapipago</Descripcion>		
		<CodEmpresa>16</CodEmpresa>		
		<RepiteEcheq>N</RepiteEcheq>
		<GloboSICE>S</GloboSICE>
	</FCobro>	
	<FCobro>	
		<Codigo>17</Codigo>
		<Abrev>INTERPGO</Abrev>	
		<Descripcion>Interpago (Pagos Interbanking)</Descripcion>		
		<CodEmpresa>U89</CodEmpresa>
		<RepiteEcheq>N</RepiteEcheq>
		<GloboSICE>S</GloboSICE>	
	</FCobro>
	<FCobro>	
		<Codigo>18</Codigo>
		<Abrev>VCTRUNC</Abrev>	
		<Descripcion>Valores al Cobro Truncados</Descripcion>		
		<CodEmpresa>400</CodEmpresa>
		<RepiteEcheq>N</RepiteEcheq>
		<GloboSICE>S</GloboSICE>		
	</FCobro>
	<FCobro>	
		<Codigo>19</Codigo>
		<Abrev>CL48TRUN</Abrev>	
		<Descripcion>Cámara local 48 horas Truncado</Descripcion>		
		<CodEmpresa>044</CodEmpresa>		
		<RepiteEcheq>N</RepiteEcheq>
		<GloboSICE>S</GloboSICE>				
	</FCobro>
	<FCobro>	
		<Codigo>21</Codigo>
		<Abrev>TR-SNP</Abrev>	
		<Descripcion>Transferencia CBU Recaudadora - SNP</Descripcion>		
		<CodEmpresa>21</CodEmpresa>		
		<RepiteEcheq>N</RepiteEcheq>
		<GloboSICE>S</GloboSICE>				
	</FCobro>
	<FCobro>	
		<Codigo>22</Codigo>
		<Abrev>TR-ANET</Abrev>	
		<Descripcion>Transferencias CBU Recaudadora - Interbanking</Descripcion>		
		<CodEmpresa>22</CodEmpresa>		
		<RepiteEcheq>N</RepiteEcheq>
		<GloboSICE>S</GloboSICE>				
	</FCobro>
	<FCobro>	
		<Codigo>23</Codigo>
		<Abrev>NOFINANC</Abrev>	
		<Descripcion>Pago no financiero (Usado en combinación con el tipo de comprobante CA Anticipos al crédito)</Descripcion>		
		<CodEmpresa>23</CodEmpresa>		
		<RepiteEcheq>N</RepiteEcheq>
		<GloboSICE>S</GloboSICE>				
	</FCobro>
	<FCobro>	
		<Codigo>25</Codigo>
		<Abrev>DOCNOFIN</Abrev>	
		<Descripcion>Documento no financiero (Usado para Retenciones Impositivas)</Descripcion>		
		<CodEmpresa>25</CodEmpresa>		
		<RepiteEcheq>N</RepiteEcheq>
		<GloboSICE>S</GloboSICE>				
	</FCobro>
	<FCobro>	
		<Codigo>26</Codigo>
		<Abrev>TBANELCO</Abrev>	
		<Descripcion>Transferencias CBU Recaudadora – BANELCO</Descripcion>		
		<CodEmpresa>26</CodEmpresa>		
		<RepiteEcheq>N</RepiteEcheq>
		<GloboSICE>S</GloboSICE>				
	</FCobro>
	<FCobro>	
		<Codigo>27</Codigo>
		<Abrev>DEBIN</Abrev>	
		<Descripcion>DEBIN Pesos</Descripcion>		
		<CodEmpresa>27</CodEmpresa>		
		<RepiteEcheq>N</RepiteEcheq>
		<GloboSICE>S</GloboSICE>				
	</FCobro>
	<FCobro>	
		<Codigo>30</Codigo>
		<Abrev>EFECU$S</Abrev>	
		<Descripcion>Efectivo Dólares</Descripcion>		
		<CodEmpresa>30</CodEmpresa>		
		<RepiteEcheq>N</RepiteEcheq>
		<GloboSICE>S</GloboSICE>				
	</FCobro>
	<FCobro>	
		<Codigo>37</Codigo>
		<Abrev>DBCTAU$S</Abrev>	
		<Descripcion>Débito en cuenta Dólares</Descripcion>		
		<CodEmpresa>37</CodEmpresa>		
		<RepiteEcheq>N</RepiteEcheq>
		<GloboSICE>S</GloboSICE>				
	</FCobro>
	<FCobro>	
		<Codigo>43</Codigo>
		<Abrev>DEBINU$S</Abrev>	
		<Descripcion>DEBIN Dolares</Descripcion>		
		<CodEmpresa>43</CodEmpresa>		
		<RepiteEcheq>N</RepiteEcheq>
		<GloboSICE>S</GloboSICE>				
	</FCobro>
	<FCobro>
		<Codigo>70</Codigo>
		<Abrev>CHQ$TAS</Abrev>
		<Descripcion>Cheques Pesos TAS Sin Cuadrar </Descripcion>
		<CodEmpresa>041</CodEmpresa>
		<RepiteEcheq>N</RepiteEcheq>
		<GloboSICE>S</GloboSICE>		
	</FCobro>
	<FCobro>	
		<Codigo>99</Codigo>
		<Abrev>DEPOSITOS</Abrev>	
		<Descripcion>Depositos</Descripcion>		
		<CodEmpresa>003</CodEmpresa>		
		<RepiteEcheq>N</RepiteEcheq>
		<GloboSICE>S</GloboSICE>		
	</FCobro>
	<FCobro>	
		<Codigo>E0</Codigo>
		<Abrev>ECPD</Abrev>	
		<Descripcion>Cheque Pago Diferido</Descripcion>		
		<CodEmpresa>E0</CodEmpresa>		
		<RepiteEcheq>N</RepiteEcheq>
		<GloboSICE>S</GloboSICE>
	</FCobro>
	<FCobro>	
		<Codigo>E2</Codigo>
		<Abrev>ECH24SRI</Abrev>		
		<Descripcion>Cheque 24/Santander</Descripcion>		
		<CodEmpresa>041</CodEmpresa>
		<RepiteEcheq>N</RepiteEcheq>
		<GloboSICE>S</GloboSICE>
	</FCobro>	
	<FCobro>	
		<Codigo>E3</Codigo>
		<Abrev>ECH48SRI</Abrev>		
		<Descripcion>Cheque 48/Santander</Descripcion>		
		<CodEmpresa>041</CodEmpresa>
		<RepiteEcheq>N</RepiteEcheq>
		<GloboSICE>S</GloboSICE>
	</FCobro>	
	<FCobro>	
		<Codigo>E4</Codigo>
		<Abrev>ECH72SRI</Abrev>		
		<Descripcion>Cheque 72/Santander</Descripcion>		
		<CodEmpresa>041</CodEmpresa>
		<RepiteEcheq>N</RepiteEcheq>
		<GloboSICE>S</GloboSICE>
	</FCobro>	
	<FCobro>	
		<Codigo>E5</Codigo>
		<Abrev>ECH48CC</Abrev>		
		<Descripcion>Cheque 48 CC</Descripcion>		
		<CodEmpresa>003</CodEmpresa>
		<RepiteEcheq>N</RepiteEcheq>
		<GloboSICE>S</GloboSICE>
	</FCobro>	
	<FCobro>	
		<Codigo>E8</Codigo>
		<Abrev>EVCTRUNC</Abrev>	
		<Descripcion>Valores al Cobro Truncados</Descripcion>		
		<CodEmpresa>400</CodEmpresa>
		<RepiteEcheq>N</RepiteEcheq>
		<GloboSICE>S</GloboSICE>		
	</FCobro>
	<FCobro>	
		<Codigo>E9</Codigo>
		<Abrev>ECL48TRU</Abrev>	
		<Descripcion>Cámara local 48 horas Truncado</Descripcion>		
		<CodEmpresa>044</CodEmpresa>		
		<RepiteEcheq>N</RepiteEcheq>
		<GloboSICE>S</GloboSICE>				
	</FCobro>	
</FormaCobro>