<?xml version="1.0" encoding="utf-8"?>
<FormaCobro>
	<FCobro>			
		<Codigo>01</Codigo>
		<Abrev>EFECTIVO</Abrev>		
		<Descripcion>Efectivo Pesos</Descripcion>		
		<CodEmpresa>104</CodEmpresa>
	</FCobro>	
	<FCobro>	
		<Codigo>02</Codigo>
		<Abrev>CH24SRIO</Abrev>		
		<Descripcion>Cheque 24/Santander</Descripcion>		
		<CodEmpresa>041</CodEmpresa>
	</FCobro>	
	<FCobro>	
		<Codigo>03</Codigo>
		<Abrev>CH48SRIO</Abrev>		
		<Descripcion>Cheque 48/Santander</Descripcion>		
		<CodEmpresa>041</CodEmpresa>
	</FCobro>	
	<FCobro>	
		<Codigo>04</Codigo>
		<Abrev>CH72SRIO </Abrev>		
		<Descripcion>Cheque 72/Santander</Descripcion>		
		<CodEmpresa>041</CodEmpresa>
	</FCobro>	
	<FCobro>	
		<Codigo>05</Codigo>
		<Abrev>CH48CC</Abrev>		
		<Descripcion>Cheque 48 CC</Descripcion>		
		<CodEmpresa>003</CodEmpresa>
	</FCobro>	
	<FCobro>	
		<Codigo>06</Codigo>
		<Abrev>CH72IC</Abrev>		
		<Descripcion>CH72IC</Descripcion>		
		<CodEmpresa>037</CodEmpresa>
	</FCobro>	
	<FCobro>	
		<Codigo>07</Codigo>
		<Abrev>VC</Abrev>	
		<Descripcion>Valores al Cobro</Descripcion>		
		<CodEmpresa>400</CodEmpresa>
	</FCobro>	
	<FCobro>	
		<Codigo>11</Codigo>
		<Abrev>DBCTA</Abrev>	
		<Descripcion>Débito en cuenta</Descripcion>		
		<CodEmpresa>109</CodEmpresa>		
	</FCobro>
	<FCobro>	
		<Codigo>13</Codigo>
		<Abrev>CH24CL</Abrev>	
		<Descripcion>Cheque 48 Cámara local</Descripcion>		
		<CodEmpresa>041</CodEmpresa>		
	</FCobro>	
	<FCobro>	
		<Codigo>17</Codigo>
		<Abrev>INTERPGO</Abrev>	
		<Descripcion>Interpago (Pagos Interbanking)</Descripcion>		
		<CodEmpresa>U89</CodEmpresa>		
	</FCobro>
	<FCobro>	
		<Codigo>18</Codigo>
		<Abrev>VCTRUNC</Abrev>	
		<Descripcion>Valores al Cobro Truncados</Descripcion>		
		<CodEmpresa>400</CodEmpresa>		
	</FCobro>
	<FCobro>	
		<Codigo>19</Codigo>
		<Abrev>CL48TRUN</Abrev>	
		<Descripcion>Cámara local 48 horas Truncado</Descripcion>		
		<CodEmpresa>044</CodEmpresa>		
	</FCobro>
  <FCobro>
    <Codigo>70</Codigo>
    <Abrev>CHQ$TAS</Abrev>
    <Descripcion>CHQ$TAS</Descripcion>
    <CodEmpresa>041</CodEmpresa>
  </FCobro>
	<FCobro>	
		<Codigo>99</Codigo>
		<Abrev>DEPOSITOS</Abrev>	
		<Descripcion>Depositos</Descripcion>		
		<CodEmpresa>003</CodEmpresa>		
	</FCobro>
</FormaCobro>

