<?xml version="1.0" encoding="utf-8"?>
<Productos>
	<Producto>	
		<Codigo>C-001</Codigo>
		<Descripcion>Cobranza Interactiva</Descripcion>		
	</Producto>	
	<Producto>	
		<Codigo>C-004</Codigo>
		<Descripcion>Cobranza Electrónica Plus</Descripcion>		
	</Producto>	
	<Producto>	
		<Codigo>P-010</Codigo>
		<Descripcion>Pago a Proveedores</Descripcion>		
	</Producto>	
	<Producto>	
		<Codigo>P-011</Codigo>
		<Descripcion>Pago de Haberes</Descripcion>		
	</Producto>	
	<Producto>	
		<Codigo>P-012</Codigo>
		<Descripcion>Pagos Personalizados</Descripcion>		
	</Producto>	
	<Producto>	
		<Codigo>P-013</Codigo>
		<Descripcion>Pago de Honorarios</Descripcion>		
	</Producto>	
	<Producto>	
		<Codigo>P-015</Codigo>
		<Descripcion>Pago de Haberes Previsionales</Descripcion>	
	</Producto>	
	<Producto>	
		<Codigo>P-016</Codigo>
		<Descripcion>Pago de Seguros</Descripcion>	
	</Producto>	
</Productos>

