<?xml version="1.0" encoding="utf-8"?>
<Productos>
	<Producto>	
		<Codigo>C-001</Codigo>
		<Descripcion>[C-001] Cobranza Interactiva</Descripcion>		
	</Producto>	
	<Producto>	
		<Codigo>C-004</Codigo>
		<Descripcion>[C-004] Cobranza Electrónica Plus</Descripcion>		
	</Producto>	
	<Producto>	
		<Codigo>P-010</Codigo>
		<Descripcion>[P-010] Pago a Proveedores</Descripcion>		
	</Producto>	
	<Producto>	
		<Codigo>P-011</Codigo>
		<Descripcion>[P-011] Pago de Haberes</Descripcion>		
	</Producto>	
	<Producto>	
		<Codigo>P-012</Codigo>
		<Descripcion>[P-012] Pagos Personalizados</Descripcion>		
	</Producto>	
	<Producto>	
		<Codigo>P-013</Codigo>
		<Descripcion>[P-013] Pago de Honorarios</Descripcion>		
	</Producto>	
	<Producto>	
		<Codigo>P-015</Codigo>
		<Descripcion>[P-015] Pago de Haberes Previsionales</Descripcion>	
	</Producto>	
	<Producto>	
		<Codigo>P-016</Codigo>
		<Descripcion>[P-016] Pago de Seguros</Descripcion>	
	</Producto>	
</Productos>

