<?xml version="1.0" encoding="utf-8"?>
<TipoDoc>
<Tipo>
	<Codigo>N</Codigo>
	<Descripcion>DNI</Descripcion>	
</Tipo>
<Tipo>
	<Codigo>C</Codigo>
	<Descripcion>LIBRETA CIVICA</Descripcion>	
</Tipo>
<Tipo>
	<Codigo>E</Codigo>
	<Descripcion>LIBRETA DE ENROLAMIENTO</Descripcion>	
</Tipo>
<Tipo>
	<Codigo>I</Codigo>
	<Descripcion>CEDULA DE IDENTIDAD</Descripcion>	
</Tipo>
<Tipo>
	<Codigo>M</Codigo>
	<Descripcion>CEDULA MILITAR</Descripcion>	
</Tipo>
<Tipo>
	<Codigo>P</Codigo>
	<Descripcion>PASAPORTE</Descripcion>	
</Tipo>
<Tipo>
	<Codigo>T</Codigo>
	<Descripcion>CUIT</Descripcion>	
</Tipo>
<Tipo>
	<Codigo>L</Codigo>
	<Descripcion>CUIL</Descripcion>	
</Tipo>
<Tipo>
	<Codigo>D</Codigo>
	<Descripcion>CDI</Descripcion>	
</Tipo>
<Tipo>
	<Codigo>X</Codigo>
	<Descripcion>DNI EXTRANJERO</Descripcion>	
</Tipo>
<Tipo>
	<Codigo>F</Codigo>
	<Descripcion>CERTIFICADO INTERNACIONAL</Descripcion>		
</Tipo>
</TipoDoc>